{"cameraMode":{"drawMode":0,"name":"Shaded","section":"Shading Mode"},"sceneLighting":false,"audioPlay":false,"sceneViewState":{"showFog":false,"showMaterialUpdate":false,"showSkybox":false,"showFlares":false,"showImageEffects":false,"showParticleSystems":false},"in2DMode":false,"pivot":{"x":169.7231903076172,"y":-9.544567108154297,"z":666.5996704101563},"rotation":{"x":0.2617794871330261,"y":-0.17399448156356812,"z":0.04804166778922081,"w":0.9480980634689331},"size":193.769775390625,"orthographic":false}